seed,policy,phase,hit_ratio,faults
0,FIFO,before_shift,0.145,8550
0,FIFO,after_shift,0.3905,6095
0,LRU,before_shift,0.1824,8176
0,LRU,after_shift,0.3922,6078
0,OPT,before_shift,0.698,3020
0,OPT,after_shift,0.5434,4566
0,Learned-static,before_shift,0.6561,3439
0,Learned-static,after_shift,0.1507,8493
0,Learned-adaptive,before_shift,0.6577,3423
0,Learned-adaptive,after_shift,0.3739,6261
1,FIFO,before_shift,0.1487,8513
1,FIFO,after_shift,0.3927,6073
1,LRU,before_shift,0.1876,8124
1,LRU,after_shift,0.3951,6049
1,OPT,before_shift,0.6992,3008
1,OPT,after_shift,0.5455,4545
1,Learned-static,before_shift,0.654,3460
1,Learned-static,after_shift,0.2482,7518
1,Learned-adaptive,before_shift,0.6551,3449
1,Learned-adaptive,after_shift,0.3763,6237
2,FIFO,before_shift,0.1559,8441
2,FIFO,after_shift,0.3799,6201
2,LRU,before_shift,0.1934,8066
2,LRU,after_shift,0.3823,6177
2,OPT,before_shift,0.701,2990
2,OPT,after_shift,0.5382,4618
2,Learned-static,before_shift,0.6528,3472
2,Learned-static,after_shift,0.1812,8188
2,Learned-adaptive,before_shift,0.6534,3466
2,Learned-adaptive,after_shift,0.3581,6419
3,FIFO,before_shift,0.1506,8494
3,FIFO,after_shift,0.401,5990
3,LRU,before_shift,0.1892,8108
3,LRU,after_shift,0.4048,5952
3,OPT,before_shift,0.6997,3003
3,OPT,after_shift,0.5506,4494
3,Learned-static,before_shift,0.6556,3444
3,Learned-static,after_shift,0.2032,7968
3,Learned-adaptive,before_shift,0.6515,3485
3,Learned-adaptive,after_shift,0.3857,6143
4,FIFO,before_shift,0.151,8490
4,FIFO,after_shift,0.3778,6222
4,LRU,before_shift,0.1918,8082
4,LRU,after_shift,0.3815,6185
4,OPT,before_shift,0.7,3000
4,OPT,after_shift,0.5333,4667
4,Learned-static,before_shift,0.6547,3453
4,Learned-static,after_shift,0.2894,7106
4,Learned-adaptive,before_shift,0.6536,3464
4,Learned-adaptive,after_shift,0.361,6390
5,FIFO,before_shift,0.1507,8493
5,FIFO,after_shift,0.3917,6083
5,LRU,before_shift,0.1901,8099
5,LRU,after_shift,0.3942,6058
5,OPT,before_shift,0.6997,3003
5,OPT,after_shift,0.5443,4557
5,Learned-static,before_shift,0.6552,3448
5,Learned-static,after_shift,0.153,8470
5,Learned-adaptive,before_shift,0.6542,3458
5,Learned-adaptive,after_shift,0.3765,6235
6,FIFO,before_shift,0.1562,8438
6,FIFO,after_shift,0.3897,6103
6,LRU,before_shift,0.1985,8015
6,LRU,after_shift,0.3913,6087
6,OPT,before_shift,0.7013,2987
6,OPT,after_shift,0.5421,4579
6,Learned-static,before_shift,0.6546,3454
6,Learned-static,after_shift,0.211,7890
6,Learned-adaptive,before_shift,0.6523,3477
6,Learned-adaptive,after_shift,0.3635,6365
7,FIFO,before_shift,0.1469,8531
7,FIFO,after_shift,0.3896,6104
7,LRU,before_shift,0.1847,8153
7,LRU,after_shift,0.3915,6085
7,OPT,before_shift,0.698,3020
7,OPT,after_shift,0.5433,4567
7,Learned-static,before_shift,0.6537,3463
7,Learned-static,after_shift,0.2498,7502
7,Learned-adaptive,before_shift,0.6545,3455
7,Learned-adaptive,after_shift,0.3726,6274
8,FIFO,before_shift,0.1447,8553
8,FIFO,after_shift,0.4074,5926
8,LRU,before_shift,0.1804,8196
8,LRU,after_shift,0.4093,5907
8,OPT,before_shift,0.6975,3025
8,OPT,after_shift,0.557,4430
8,Learned-static,before_shift,0.6544,3456
8,Learned-static,after_shift,0.1888,8112
8,Learned-adaptive,before_shift,0.6503,3497
8,Learned-adaptive,after_shift,0.3926,6074
9,FIFO,before_shift,0.1479,8521
9,FIFO,after_shift,0.3962,6038
9,LRU,before_shift,0.1861,8139
9,LRU,after_shift,0.3991,6009
9,OPT,before_shift,0.6987,3013
9,OPT,after_shift,0.5487,4513
9,Learned-static,before_shift,0.6559,3441
9,Learned-static,after_shift,0.1389,8611
9,Learned-adaptive,before_shift,0.6539,3461
9,Learned-adaptive,after_shift,0.3807,6193
