ram_gb,vcpu,rep,mem_total_mb,swap_total_mb,nproc,wall_s,user_s,sys_s,minflt,majflt,pswpin,pswpout,cpu_pct
2,2,1,1594,3371,2,105.696,7.512,94.659,950215,237509,441228,556243,96.7
2,2,2,1594,3371,2,96.198,6.591,88.396,946166,238645,435268,546530,98.7
2,2,3,1594,3371,2,96.492,6.663,88.031,947275,242195,441436,529508,98.1
2,2,4,1594,3371,2,95.434,6.632,88.076,952805,237971,446415,541381,99.2
2,2,5,1594,3371,2,108.809,7.449,94.019,945965,238663,449176,553807,93.3
2,1,1,1594,6443,1,62.354,3.438,33.159,995101,178411,406867,539311,58.7
2,1,2,1594,6443,1,62.043,3.786,32.643,1000584,174272,410682,546832,58.7
2,1,3,1594,6443,1,55.77,3.597,31.479,992518,161890,382503,523537,62.9
2,1,1,1594,6443,1,71.033,3.953,39.696,993122,183019,404996,536431,61.4
2,1,2,1594,6443,1,68.907,4.578,38.101,971576,174687,384398,519757,61.9
2,1,3,1594,6443,1,66.127,4.721,37.615,979382,161281,368235,517281,64.0
4,2,1,3350,6443,2,4.851,1.162,8.045,395461,2,0,0,189.8
4,2,2,3350,6443,2,1.624,0.816,2.074,395488,2,0,0,178.0
4,2,3,3350,6443,2,1.632,0.875,2.118,395495,2,0,0,183.4
4,2,4,3350,6443,2,1.637,0.837,2.145,395488,2,0,0,182.2
4,2,5,3350,6443,2,1.712,0.887,2.201,395477,1,0,0,180.4
4,1,1,3350,6443,1,8.515,1.085,6.866,395482,2,0,0,93.4
4,1,2,3350,6443,1,3.625,0.994,2.405,395487,1,0,0,93.8
4,1,3,3350,6443,1,3.127,0.794,2.116,395466,1,0,0,93.1
4,1,4,3350,6443,1,2.658,0.738,1.767,395462,2,0,0,94.2
4,1,5,3350,6443,1,2.614,0.731,1.742,395493,2,0,0,94.6
